SURVEY_ID,SURVEY_NAME
300747984,"Ohio Bureau of Workers' Compensation Employer Audit Survey"
303452492,"Ohio BWC Employer Survey"
112758772,"IW Pulse Survey - 30 Day"
301195553,"IW Pulse Survey - 90 Day"
401765993,"IW Pulse Survey - Medical Only"
312123669,"Ohio BWC First Report of Injury (FROI) Survey"
318130682,"Ohio BWC MCO Customer Satisfaction Survey"
316723735,"January 2022 Workshop Survey"
313524368,"Workshop Survey"
314252541,"Claim Topics for Targeted Messaging System"
163761262,"Ohio Bureau of Workers' Compensation Employer Audit Survey"
128705841,"Ohio BWC MCO Customer Satisfaction Survey"
